100,1,"100","Agricultural Production-Crops","100","Agriculture, Forestry and Fishing"
200,1,"200","Agricultural Prod-Livestock & Animal Specialties","200","Agriculture, Forestry and Fishing"
700,1,"700","Agricultural Services","700","Agriculture, Forestry and Fishing"
800,1,"800","Forestry","800","Agriculture, Forestry and Fishing"
900,1,"900","Fishing, Hunting and Trapping","900","Agriculture, Forestry and Fishing"
1000,1,"1000","Metal Mining","1000","Mining"
1040,1,"1040","Gold and Silver Ores","1040","Mining"
1090,1,"1090","Miscellaneous Metal Ores","1090","Mining"
1220,1,"1220","Bituminous Coal & Lignite Mining","1220","Mining"
1221,1,"1221","Bituminous Coal & Lignite Surface Mining","1221","Mining"
1311,1,"1311","Crude Petroleum & Natural Gas","1311","Mining"
1381,1,"1381","Drilling Oil & Gas Wells","1381","Mining"
1382,1,"1382","Oil & Gas Field Exploration Services","1382","Mining"
1389,1,"1389","Oil & Gas Field Services, NEC","1389","Mining"
1400,1,"1400","Mining & Quarrying of Nonmetallic Minerals (No Fuels)","1400","Mining"
1520,1,"1520","General Bldg Contractors - Residential Bldgs","1520","Construction"
1531,1,"1531","Operative Builders","1531","Construction"
1540,1,"1540","General Bldg Contractors - Nonresidential Bldgs","1540","Construction"
1600,1,"1600","Heavy Construction Other Than Bldg Const - Contractors","1600","Construction"
1623,1,"1623","Water, Sewer, Pipeline, Comm & Power Line Construction","1623","Construction"
1629,1,"1629","Heavy Construction, Not Elsewhere Classified[9]","1629","Construction"
1700,1,"1700","Construction - Special Trade Contractors","1700","Construction"
1731,1,"1731","Electrical Work","1731","Construction"
2000,1,"2000","Food and Kindred Products","2000","Manufacturing"
2011,1,"2011","Meat Packing Plants","2011","Manufacturing"
2013,1,"2013","Sausages & Other Prepared Meat Products","2013","Manufacturing"
2015,1,"2015","Poultry Slaughtering and Processing","2015","Manufacturing"
2020,1,"2020","Dairy Products","2020","Manufacturing"
2024,1,"2024","Ice Cream & Frozen Desserts","2024","Manufacturing"
2030,1,"2030","Canned, Frozen & Preserved Fruit, Veg & Food Specialties","2030","Manufacturing"
2033,1,"2033","Canned, Fruits, Veg, Preserves, Jams & Jellies","2033","Manufacturing"
2040,1,"2040","Grain Mill Products","2040","Manufacturing"
2050,1,"2050","Bakery Products","2050","Manufacturing"
2052,1,"2052","Cookies & Crackers","2052","Manufacturing"
2060,1,"2060","Sugar & Confectionery Products","2060","Manufacturing"
2070,1,"2070","Fats & Oils","2070","Manufacturing"
2080,1,"2080","Beverages","2080","Manufacturing"
2082,1,"2082","Malt Beverages","2082","Manufacturing"
2086,1,"2086","Bottled & Canned Soft Drinks & Carbonated Waters","2086","Manufacturing"
2090,1,"2090","Miscellaneous Food Preparations & Kindred Products","2090","Manufacturing"
2092,1,"2092","Prepared Fresh or Frozen Fish & Seafood","2092","Manufacturing"
2100,1,"2100","Tobacco Products","2100","Manufacturing"
2111,1,"2111","Cigarettes","2111","Manufacturing"
2200,1,"2200","Textile Mill Products","2200","Manufacturing"
2211,1,"2211","Broadwoven Fabric Mills, Cotton","2211","Manufacturing"
2221,1,"2221","Broadwoven Fabric Mills, Man Made Fiber & Silk","2221","Manufacturing"
2250,1,"2250","Knitting Mills","2250","Manufacturing"
2253,1,"2253","Knit Outerwear Mills","2253","Manufacturing"
2273,1,"2273","Carpets & Rugs","2273","Manufacturing"
2300,1,"2300","Apparel & Other Finished Prods of Fabrics & Similar Matl","2300","Manufacturing"
2320,1,"2320","Men's & Boys' Furnishings, Work Clothing, & Allied Garments","2320","Manufacturing"
2330,1,"2330","Women's, Misses', and Juniors Outerwear","2330","Manufacturing"
2340,1,"2340","Women's, Misses', Children's & Infant's Undergarments","2340","Manufacturing"
2390,1,"2390","Miscellaneous Fabricated Textile Products","2390","Manufacturing"
2400,1,"2400","Lumber & Wood Products (No Furniture)","2400","Manufacturing"
2421,1,"2421","Sawmills & Planing Mills, General","2421","Manufacturing"
2430,1,"2430","Millwood, Veneer, Plywood, & Structural Wood Members","2430","Manufacturing"
2451,1,"2451","Mobile Homes","2451","Manufacturing"
2452,1,"2452","Prefabricated Wood Bldgs & Components","2452","Manufacturing"
2510,1,"2510","Household Furniture","2510","Manufacturing"
2511,1,"2511","Wood Household Furniture, (No Upholstered)","2511","Manufacturing"
2520,1,"2520","Office Furniture","2520","Manufacturing"
2522,1,"2522","Office Furniture (No Wood)","2522","Manufacturing"
2531,1,"2531","Public Bldg & Related Furniture","2531","Manufacturing"
2540,1,"2540","Partitions, Shelvg, Lockers, & office & Store Fixtures","2540","Manufacturing"
2590,1,"2590","Miscellaneous Furniture & Fixtures","2590","Manufacturing"
2600,1,"2600","Papers & Allied Products","2600","Manufacturing"
2611,1,"2611","Pulp Mills","2611","Manufacturing"
2621,1,"2621","Paper Mills","2621","Manufacturing"
2631,1,"2631","Paperboard Mills","2631","Manufacturing"
2650,1,"2650","Paperboard Containers & Boxes","2650","Manufacturing"
2670,1,"2670","Converted Paper & Paperboard Prods (No Containers/Boxes)","2670","Manufacturing"
2673,1,"2673","Plastics, Foil & Coated Paper Bags","2673","Manufacturing"
2711,1,"2711","Newspapers: Publishing or Publishing & Printing","2711","Manufacturing"
2721,1,"2721","Periodicals: Publishing or Publishing & Printing","2721","Manufacturing"
2731,1,"2731","Books: Publishing or Publishing & Printing","2731","Manufacturing"
2732,1,"2732","Book Printing","2732","Manufacturing"
2741,1,"2741","Miscellaneous Publishing","2741","Manufacturing"
2750,1,"2750","Commercial Printing","2750","Manufacturing"
2761,1,"2761","Manifold Business Forms","2761","Manufacturing"
2771,1,"2771","Greeting Cards","2771","Manufacturing"
2780,1,"2780","Blankbooks, Looseleaf Binders & Bookbinding & Related Work","2780","Manufacturing"
2790,1,"2790","Service Industries For The Printing Trade","2790","Manufacturing"
2800,1,"2800","Chemicals & Allied Products","2800","Manufacturing"
2810,1,"2810","Industrial Inorganic Chemicals","2810","Manufacturing"
2820,1,"2820","Plastic Material, Synth Resin/Rubber, Cellulos (No Glass)","2820","Manufacturing"
2821,1,"2821","Plastic Materials, Synth Resins & Nonvulcan Elastomers","2821","Manufacturing"
2833,1,"2833","Medicinal Chemicals & Botanical Products","2833","Manufacturing"
2834,1,"2834","Pharmaceutical Preparations","2834","Manufacturing"
2835,1,"2835","In Vitro & In Vivo Diagnostic Substances","2835","Manufacturing"
2836,1,"2836","Biological Products, (No Diagnostic Substances)","2836","Manufacturing"
2840,1,"2840","Soap, Detergents, Cleaning Preparations, Perfumes, Cosmetics","2840","Manufacturing"
2842,1,"2842","Specialty Cleaning, Polishing and Sanitation Preparations","2842","Manufacturing"
2844,1,"2844","Perfumes, Cosmetics & Other Toilet Preparations","2844","Manufacturing"
2851,1,"2851","Paints, Varnishes, Lacquers, Enamels & Allied Prods","2851","Manufacturing"
2860,1,"2860","Industrial Organic Chemicals","2860","Manufacturing"
2870,1,"2870","Agricultural Chemicals","2870","Manufacturing"
2890,1,"2890","Miscellaneous Chemical Products","2890","Manufacturing"
2891,1,"2891","Adhesives & Sealants","2891","Manufacturing"
2911,1,"2911","Petroleum Refining","2911","Manufacturing"
2950,1,"2950","Asphalt Paving & Roofing Materials","2950","Manufacturing"
2990,1,"2990","Miscellaneous Products of Petroleum & Coal","2990","Manufacturing"
3011,1,"3011","Tires & Inner Tubes","3011","Manufacturing"
3021,1,"3021","Rubber & Plastics Footwear","3021","Manufacturing"
3050,1,"3050","Gaskets, Packg & Sealg Devices & Rubber & Plastics Hose","3050","Manufacturing"
3060,1,"3060","Fabricated Rubber Products, NEC","3060","Manufacturing"
3080,1,"3080","Miscellaneous Plastics Products","3080","Manufacturing"
3081,1,"3081","Unsupported Plastics Film & Sheet","3081","Manufacturing"
3086,1,"3086","Plastics Foam Products","3086","Manufacturing"
3089,1,"3089","Plastics Products, NEC","3089","Manufacturing"
3100,1,"3100","Leather & Leather Products","3100","Manufacturing"
3140,1,"3140","Footwear, (No Rubber)","3140","Manufacturing"
3211,1,"3211","Flat Glass","3211","Manufacturing"
3220,1,"3220","Glass & Glassware, Pressed or Blown","3220","Manufacturing"
3221,1,"3221","Glass Containers","3221","Manufacturing"
3231,1,"3231","Glass Products, Made of Purchased Glass","3231","Manufacturing"
3241,1,"3241","Cement, Hydraulic","3241","Manufacturing"
3250,1,"3250","Structural Clay Products","3250","Manufacturing"
3260,1,"3260","Pottery & Related Products","3260","Manufacturing"
3270,1,"3270","Concrete, Gypsum & Plaster Products","3270","Manufacturing"
3272,1,"3272","Concrete Products, Except Block & Brick","3272","Manufacturing"
3281,1,"3281","Cut Stone & Stone Products","3281","Manufacturing"
3290,1,"3290","Abrasive, Asbestos & Misc Nonmetallic Mineral Prods","3290","Manufacturing"
3310,1,"3310","Steel Works, Blast Furnaces & Rolling & Finishing Mills","3310","Manufacturing"
3312,1,"3312","Steel Works, Blast Furnaces & Rolling Mills (Coke Ovens)","3312","Manufacturing"
3317,1,"3317","Steel Pipe & Tubes","3317","Manufacturing"
3320,1,"3320","Iron & Steel Foundries","3320","Manufacturing"
3330,1,"3330","Primary Smelting & Refining of Nonferrous Metals","3330","Manufacturing"
3334,1,"3334","Primary Production of Aluminum","3334","Manufacturing"
3341,1,"3341","Secondary Smelting & Refining of Nonferrous Metals","3341","Manufacturing"
3350,1,"3350","Rolling Drawing & Extruding of Nonferrous Metals","3350","Manufacturing"
3357,1,"3357","Drawing & Insulating of Nonferrous Wire","3357","Manufacturing"
3360,1,"3360","Nonferrous Foundries (Castings)","3360","Manufacturing"
3390,1,"3390","Miscellaneous Primary Metal Products","3390","Manufacturing"
3411,1,"3411","Metal Cans","3411","Manufacturing"
3412,1,"3412","Metal Shipping Barrels, Drums, Kegs & Pails","3412","Manufacturing"
3420,1,"3420","Cutlery, Handtools & General Hardware","3420","Manufacturing"
3430,1,"3430","Heating Equip, Except Elec & Warm Air; & Plumbing Fixtures","3430","Manufacturing"
3433,1,"3433","Heating Equipment, Except Electric & Warm Air Furnaces","3433","Manufacturing"
3440,1,"3440","Fabricated Structural Metal Products","3440","Manufacturing"
3442,1,"3442","Metal Doors, Sash, Frames, Moldings & Trim","3442","Manufacturing"
3443,1,"3443","Fabricated Plate Work (Boiler Shops)","3443","Manufacturing"
3444,1,"3444","Sheet Metal Work","3444","Manufacturing"
3448,1,"3448","Prefabricated Metal Buildings & Components","3448","Manufacturing"
3451,1,"3451","Screw Machine Products","3451","Manufacturing"
3452,1,"3452","Bolts, Nuts, Screws, Rivets & Washers","3452","Manufacturing"
3460,1,"3460","Metal Forgings & Stampings","3460","Manufacturing"
3470,1,"3470","Coating, Engraving & Allied Services","3470","Manufacturing"
3480,1,"3480","Ordnance & Accessories, (No Vehicles/Guided Missiles)","3480","Manufacturing"
3490,1,"3490","Miscellaneous Fabricated Metal Products","3490","Manufacturing"
3510,1,"3510","Engines & Turbines","3510","Manufacturing"
3523,1,"3523","Farm Machinery & Equipment","3523","Manufacturing"
3524,1,"3524","Lawn & Garden Tractors & Home Lawn & Gardens Equip","3524","Manufacturing"
3530,1,"3530","Construction, Mining & Materials Handling Machinery & Equip","3530","Manufacturing"
3531,1,"3531","Construction Machinery & Equip","3531","Manufacturing"
3532,1,"3532","Mining Machinery & Equip (No Oil & Gas Field Mach & Equip)","3532","Manufacturing"
3533,1,"3533","Oil & Gas Field Machinery & Equipment","3533","Manufacturing"
3537,1,"3537","Industrial Trucks, Tractors, Trailers & Stackers","3537","Manufacturing"
3540,1,"3540","Metalworkg Machinery & Equipment","3540","Manufacturing"
3541,1,"3541","Machine Tools, Metal Cutting Types","3541","Manufacturing"
3550,1,"3550","Special Industry Machinery (No Metalworking Machinery)","3550","Manufacturing"
3555,1,"3555","Printing Trades Machinery & Equipment","3555","Manufacturing"
3559,1,"3559","Special Industry Machinery, NEC","3559","Manufacturing"
3560,1,"3560","General Industrial Machinery & Equipment","3560","Manufacturing"
3561,1,"3561","Pumps & Pumping Equipment","3561","Manufacturing"
3562,1,"3562","Ball & Roller Bearings","3562","Manufacturing"
3564,1,"3564","Industrial & Commercial Fans & Blowers & Air Purifying Equip","3564","Manufacturing"
3567,1,"3567","Industrial Process Furnaces & Ovens","3567","Manufacturing"
3569,1,"3569","General Industrial Machinery & Equipment, NEC","3569","Manufacturing"
3570,1,"3570","Computer & office Equipment","3570","Manufacturing"
3571,1,"3571","Electronic Computers","3571","Manufacturing"
3572,1,"3572","Computer Storage Devices","3572","Manufacturing"
3575,1,"3575","Computer Terminals","3575","Manufacturing"
3576,1,"3576","Computer Communications Equipment","3576","Manufacturing"
3577,1,"3577","Computer Peripheral Equipment, NEC","3577","Manufacturing"
3578,1,"3578","Calculating & Accounting Machines (No Electronic Computers)","3578","Manufacturing"
3579,1,"3579","Office Machines, NEC","3579","Manufacturing"
3580,1,"3580","Refrigeration & Service Industry Machinery","3580","Manufacturing"
3585,1,"3585","Air-Cond & Warm Air Heatg Equip & Comm & Indl Refrig Equip","3585","Manufacturing"
3590,1,"3590","Misc Industrial & Commercial Machinery & Equipment","3590","Manufacturing"
3600,1,"3600","Electronic & Other Electrical Equipment (No Computer Equip)","3600","Manufacturing"
3612,1,"3612","Power, Distribution & Specialty Transformers","3612","Manufacturing"
3613,1,"3613","Switchgear & Switchboard Apparatus","3613","Manufacturing"
3620,1,"3620","Electrical Industrial Apparatus","3620","Manufacturing"
3621,1,"3621","Motors & Generators","3621","Manufacturing"
3630,1,"3630","Household Appliances","3630","Manufacturing"
3634,1,"3634","Electric Housewares & Fans","3634","Manufacturing"
3640,1,"3640","Electric Lighting & Wiring Equipment","3640","Manufacturing"
3651,1,"3651","Household Audio & Video Equipment","3651","Manufacturing"
3652,1,"3652","Phonograph Records & Prerecorded Audio Tapes & Disks","3652","Manufacturing"
3661,1,"3661","Telephone & Telegraph Apparatus","3661","Manufacturing"
3663,1,"3663","Radio & TV Broadcasting & Communications Equipment","3663","Manufacturing"
3669,1,"3669","Communications Equipment, NEC","3669","Manufacturing"
3670,1,"3670","Electronic Components & Accessories","3670","Manufacturing"
3672,1,"3672","Printed Circuit Boards","3672","Manufacturing"
3674,1,"3674","Semiconductors & Related Devices","3674","Manufacturing"
3677,1,"3677","Electronic Coils, Transformers & Other Inductors","3677","Manufacturing"
3678,1,"3678","Electronic Connectors","3678","Manufacturing"
3679,1,"3679","Electronic Components, NEC","3679","Manufacturing"
3690,1,"3690","Miscellaneous Electrical Machinery, Equipment & Supplies","3690","Manufacturing"
3695,1,"3695","Magnetic & Optical Recording Media","3695","Manufacturing"
3711,1,"3711","Motor Vehicles & Passenger Car Bodies","3711","Manufacturing"
3713,1,"3713","Truck & Bus Bodies","3713","Manufacturing"
3714,1,"3714","Motor Vehicle Parts & Accessories","3714","Manufacturing"
3715,1,"3715","Truck Trailers","3715","Manufacturing"
3716,1,"3716","Motor Homes","3716","Manufacturing"
3720,1,"3720","Aircraft & Parts","3720","Manufacturing"
3721,1,"3721","Aircraft","3721","Manufacturing"
3724,1,"3724","Aircraft Engines & Engine Parts","3724","Manufacturing"
3728,1,"3728","Aircraft Parts & Auxiliary Equipment, NEC","3728","Manufacturing"
3730,1,"3730","Ship & Boat Building & Repairing","3730","Manufacturing"
3743,1,"3743","Railroad Equipment","3743","Manufacturing"
3751,1,"3751","Motorcycles, Bicycles & Parts","3751","Manufacturing"
3760,1,"3760","Guided Missiles & Space Vehicles & Parts","3760","Manufacturing"
3790,1,"3790","Miscellaneous Transportation Equipment","3790","Manufacturing"
3812,1,"3812","Search, Detection, Navigation, Guidance, Aeronautical Sys","3812","Manufacturing"
3821,1,"3821","Laboratory Apparatus & Furniture","3821","Manufacturing"
3822,1,"3822","Auto Controls For Regulating Residential & Comml Environments","3822","Manufacturing"
3823,1,"3823","Industrial Instruments For Measurement, Display, and Control","3823","Manufacturing"
3824,1,"3824","Totalizing Fluid Meters & Counting Devices","3824","Manufacturing"
3825,1,"3825","Instruments For Meas & Testing of Electricity & Elec Signals","3825","Manufacturing"
3826,1,"3826","Laboratory Analytical Instruments","3826","Manufacturing"
3827,1,"3827","Optical Instruments & Lenses","3827","Manufacturing"
3829,1,"3829","Measuring & Controlling Devices, NEC","3829","Manufacturing"
3841,1,"3841","Surgical & Medical Instruments & Apparatus","3841","Manufacturing"
3842,1,"3842","Orthopedic, Prosthetic & Surgical Appliances & Supplies","3842","Manufacturing"
3843,1,"3843","Dental Equipment & Supplies","3843","Manufacturing"
3844,1,"3844","X-Ray Apparatus & Tubes & Related Irradiation Apparatus","3844","Manufacturing"
3845,1,"3845","Electromedical & Electrotherapeutic Apparatus","3845","Manufacturing"
3851,1,"3851","Ophthalmic Goods","3851","Manufacturing"
3861,1,"3861","Photographic Equipment & Supplies","3861","Manufacturing"
3873,1,"3873","Watches, Clocks, Clockwork Operated Devices/Parts","3873","Manufacturing"
3910,1,"3910","Jewelry, Silverware & Plated Ware","3910","Manufacturing"
3911,1,"3911","Jewelry, Precious Metal","3911","Manufacturing"
3931,1,"3931","Musical Instruments","3931","Manufacturing"
3942,1,"3942","Dolls & Stuffed Toys","3942","Manufacturing"
3944,1,"3944","Games, Toys & Children's Vehicles (No Dolls & Bicycles)","3944","Manufacturing"
3949,1,"3949","Sporting & Athletic Goods, NEC","3949","Manufacturing"
3950,1,"3950","Pens, Pencils & Other Artists' Materials","3950","Manufacturing"
3960,1,"3960","Costume Jewelry & Novelties","3960","Manufacturing"
3990,1,"3990","Miscellaneous Manufacturing Industries","3990","Manufacturing"
4011,1,"4011","Railroads, Line-Haul Operating","4011","Transportation, Communications, Electric, Gas and Sanitary service"
4013,1,"4013","Railroad Switching & Terminal Establishments","4013","Transportation, Communications, Electric, Gas and Sanitary service"
4100,1,"4100","Local & Suburban Transit & Interurban Hwy Passenger Trans","4100","Transportation, Communications, Electric, Gas and Sanitary service"
4210,1,"4210","Trucking & Courier Services (No Air)","4210","Transportation, Communications, Electric, Gas and Sanitary service"
4213,1,"4213","Trucking (No Local)","4213","Transportation, Communications, Electric, Gas and Sanitary service"
4220,1,"4220","Public Warehousing & Storage","4220","Transportation, Communications, Electric, Gas and Sanitary service"
4231,1,"4231","Terminal Maintenance Facilities For Motor Freight Transport","4231","Transportation, Communications, Electric, Gas and Sanitary service"
4400,1,"4400","Water Transportation","4400","Transportation, Communications, Electric, Gas and Sanitary service"
4412,1,"4412","Deep Sea Foreign Transportation of Freight","4412","Transportation, Communications, Electric, Gas and Sanitary service"
4512,1,"4512","Air Transportation, Scheduled","4512","Transportation, Communications, Electric, Gas and Sanitary service"
4513,1,"4513","Air Courier Services","4513","Transportation, Communications, Electric, Gas and Sanitary service"
4522,1,"4522","Air Transportation, Nonscheduled","4522","Transportation, Communications, Electric, Gas and Sanitary service"
4581,1,"4581","Airports, Flying Fields & Airport Terminal Services","4581","Transportation, Communications, Electric, Gas and Sanitary service"
4610,1,"4610","Pipe Lines (No Natural Gas)","4610","Transportation, Communications, Electric, Gas and Sanitary service"
4700,1,"4700","Transportation Services","4700","Transportation, Communications, Electric, Gas and Sanitary service"
4731,1,"4731","Arrangement of Transportation of Freight & Cargo","4731","Transportation, Communications, Electric, Gas and Sanitary service"
4812,1,"4812","Radiotelephone Communications","4812","Transportation, Communications, Electric, Gas and Sanitary service"
4813,1,"4813","Telephone Communications (No Radiotelephone)","4813","Transportation, Communications, Electric, Gas and Sanitary service"
4822,1,"4822","Telegraph & Other Message Communications","4822","Transportation, Communications, Electric, Gas and Sanitary service"
4832,1,"4832","Radio Broadcasting Stations","4832","Transportation, Communications, Electric, Gas and Sanitary service"
4833,1,"4833","Television Broadcasting Stations","4833","Transportation, Communications, Electric, Gas and Sanitary service"
4841,1,"4841","Cable & Other Pay Television Services","4841","Transportation, Communications, Electric, Gas and Sanitary service"
4899,1,"4899","Communications Services, NEC","4899","Transportation, Communications, Electric, Gas and Sanitary service"
4900,1,"4900","Electric, Gas & Sanitary Services","4900","Transportation, Communications, Electric, Gas and Sanitary service"
4911,1,"4911","Electric Services","4911","Transportation, Communications, Electric, Gas and Sanitary service"
4922,1,"4922","Natural Gas Transmission","4922","Transportation, Communications, Electric, Gas and Sanitary service"
4923,1,"4923","Natural Gas Transmission & Distribution","4923","Transportation, Communications, Electric, Gas and Sanitary service"
4924,1,"4924","Natural Gas Distribution","4924","Transportation, Communications, Electric, Gas and Sanitary service"
4931,1,"4931","Electric & Other Services Combined","4931","Transportation, Communications, Electric, Gas and Sanitary service"
4932,1,"4932","Gas & Other Services Combined","4932","Transportation, Communications, Electric, Gas and Sanitary service"
4941,1,"4941","Water Supply","4941","Transportation, Communications, Electric, Gas and Sanitary service"
4950,1,"4950","Sanitary Services","4950","Transportation, Communications, Electric, Gas and Sanitary service"
4953,1,"4953","Refuse Systems","4953","Transportation, Communications, Electric, Gas and Sanitary service"
4955,1,"4955","Hazardous Waste Management","4955","Transportation, Communications, Electric, Gas and Sanitary service"
4961,1,"4961","Steam & Air-Conditioning Supply","4961","Transportation, Communications, Electric, Gas and Sanitary service"
4991,1,"4991","Co-generation Services & Small Power Producers","4991","Transportation, Communications, Electric, Gas and Sanitary service"
5000,1,"5000","Wholesale-Durable Goods","5000","Wholesale Trade"
5010,1,"5010","Wholesale-Motor Vehicles & Motor Vehicle Parts & Supplies","5010","Wholesale Trade"
5013,1,"5013","Wholesale-Motor Vehicle Supplies & New Parts","5013","Wholesale Trade"
5020,1,"5020","Wholesale-Furniture & Home Furnishings","5020","Wholesale Trade"
5030,1,"5030","Wholesale-Lumber & Other Construction Materials","5030","Wholesale Trade"
5031,1,"5031","Wholesale-Lumber, Plywood, millwork & Wood Panels","5031","Wholesale Trade"
5040,1,"5040","Wholesale-Professional & Commercial Equipment & Supplies","5040","Wholesale Trade"
5045,1,"5045","Wholesale-Computers & Peripheral Equipment & Software","5045","Wholesale Trade"
5047,1,"5047","Wholesale-Medical, Dental & Hospital Equipment & Supplies","5047","Wholesale Trade"
5050,1,"5050","Wholesale-Metals & Minerals (No Petroleum)","5050","Wholesale Trade"
5051,1,"5051","Wholesale-Metals Service Centers & Offices","5051","Wholesale Trade"
5063,1,"5063","Wholesale-Electrical Apparatus & Equipment, Wiring Supplies","5063","Wholesale Trade"
5064,1,"5064","Wholesale-Electrical Appliances, TV & Radio Sets","5064","Wholesale Trade"
5065,1,"5065","Wholesale-Electronic Parts & Equipment, NEC","5065","Wholesale Trade"
5070,1,"5070","Wholesale-Hardware & Plumbing & Heating Equipment & Supplies","5070","Wholesale Trade"
5072,1,"5072","Wholesale-Hardware","5072","Wholesale Trade"
5080,1,"5080","Wholesale-Machinery, Equipment & Supplies","5080","Wholesale Trade"
5082,1,"5082","Wholesale-Construction & Mining (No Petro) Machinery & Equip","5082","Wholesale Trade"
5084,1,"5084","Wholesale-Industrial Machinery & Equipment","5084","Wholesale Trade"
5090,1,"5090","Wholesale-Misc Durable Goods","5090","Wholesale Trade"
5094,1,"5094","Wholesale-Jewelry, Watches, Precious Stones & Metals","5094","Wholesale Trade"
5099,1,"5099","Wholesale-Durable Goods, NEC","5099","Wholesale Trade"
5110,1,"5110","Wholesale-Paper & Paper Products","5110","Wholesale Trade"
5122,1,"5122","Wholesale-Drugs, Proprietaries & Druggists' Sundries","5122","Wholesale Trade"
5130,1,"5130","Wholesale-Apparel, Piece Goods & Notions","5130","Wholesale Trade"
5140,1,"5140","Wholesale-Groceries & Related Products","5140","Wholesale Trade"
5141,1,"5141","Wholesale-Groceries, General Line (merchandise)","5141","Wholesale Trade"
5150,1,"5150","Wholesale-Farm Product Raw Materials","5150","Wholesale Trade"
5160,1,"5160","Wholesale-Chemicals & Allied Products","5160","Wholesale Trade"
5171,1,"5171","Wholesale-Petroleum Bulk Stations & Terminals","5171","Wholesale Trade"
5172,1,"5172","Wholesale-Petroleum & Petroleum Products (No Bulk Stations)","5172","Wholesale Trade"
5180,1,"5180","Wholesale-Beer, Wine & Distilled Alcoholic Beverages","5180","Wholesale Trade"
5190,1,"5190","Wholesale-Miscellaneous Non-durable Goods","5190","Wholesale Trade"
5200,1,"5200","Retail-Building Materials, Hardware, Garden Supply","5200","Retail Trade"
5211,1,"5211","Retail-Lumber & Other Building Materials Dealers","5211","Retail Trade"
5271,1,"5271","Retail-Mobile Home Dealers","5271","Retail Trade"
5311,1,"5311","Retail-Department Stores","5311","Retail Trade"
5331,1,"5331","Retail-Variety Stores","5331","Retail Trade"
5399,1,"5399","Retail-Misc General Merchandise Stores","5399","Retail Trade"
5400,1,"5400","Retail-Food Stores","5400","Retail Trade"
5411,1,"5411","Retail-Grocery Stores","5411","Retail Trade"
5412,1,"5412","Retail-Convenience Stores","5412","Retail Trade"
5500,1,"5500","Retail-Auto Dealers & Gasoline Stations","5500","Retail Trade"
5531,1,"5531","Retail-Auto & Home Supply Stores","5531","Retail Trade"
5551,1,"5551","Boat Dealers","5551","Retail Trade"
5600,1,"5600","Retail-Apparel & Accessory Stores","5600","Retail Trade"
5621,1,"5621","Retail-Women's Clothing Stores","5621","Retail Trade"
5651,1,"5651","Retail-Family Clothing Stores","5651","Retail Trade"
5661,1,"5661","Retail-Shoe Stores","5661","Retail Trade"
5700,1,"5700","Retail-Home Furniture, Furnishings & Equipment Stores","5700","Retail Trade"
5712,1,"5712","Retail-Furniture Stores","5712","Retail Trade"
5731,1,"5731","Retail-Radio, TV & Consumer Electronics Stores","5731","Retail Trade"
5734,1,"5734","Retail-Computer & Computer Software Stores","5734","Retail Trade"
5735,1,"5735","Retail-Record & Prerecorded Tape Stores","5735","Retail Trade"
5810,1,"5810","Retail-Eating & Drinking Places","5810","Retail Trade"
5812,1,"5812","Retail-Eating Places","5812","Retail Trade"
5900,1,"5900","Retail-Miscellaneous Retail","5900","Retail Trade"
5912,1,"5912","Retail-Drug Stores and Proprietary Stores","5912","Retail Trade"
5940,1,"5940","Retail-Miscellaneous Shopping Goods Stores","5940","Retail Trade"
5944,1,"5944","Retail-Jewelry Stores","5944","Retail Trade"
5945,1,"5945","Retail-Hobby, Toy & Game Shops","5945","Retail Trade"
5960,1,"5960","Retail-Nonstore Retailers","5960","Retail Trade"
5961,1,"5961","Retail-Catalog & Mail-Order Houses","5961","Retail Trade"
5990,1,"5990","Retail-Retail Stores, NEC","5990","Retail Trade"
6012,1,"6012","Pay Day Lenders","6012","Finance, Insurance and Real Estate"
6021,1,"6021","National Commercial Banks","6021","Finance, Insurance and Real Estate"
6022,1,"6022","State Commercial Banks","6022","Finance, Insurance and Real Estate"
6029,1,"6029","Commercial Banks, NEC","6029","Finance, Insurance and Real Estate"
6035,1,"6035","Savings Institution, Federally Chartered","6035","Finance, Insurance and Real Estate"
6036,1,"6036","Savings Institutions, Not Federally Chartered","6036","Finance, Insurance and Real Estate"
6099,1,"6099","Functions Related To Depository Banking, NEC","6099","Finance, Insurance and Real Estate"
6111,1,"6111","Federal & Federally Sponsored Credit Agencies","6111","Finance, Insurance and Real Estate"
6141,1,"6141","Personal Credit Institutions","6141","Finance, Insurance and Real Estate"
6153,1,"6153","Short-Term Business Credit Institutions","6153","Finance, Insurance and Real Estate"
6159,1,"6159","Miscellaneous Business Credit Institution","6159","Finance, Insurance and Real Estate"
6162,1,"6162","Mortgage Bankers & Loan Correspondents","6162","Finance, Insurance and Real Estate"
6163,1,"6163","Loan Brokers","6163","Finance, Insurance and Real Estate"
6172,1,"6172","Finance Lessors","6172","Finance, Insurance and Real Estate"
6189,1,"6189","Asset-Backed Securities","6189","Finance, Insurance and Real Estate"
6199,1,"6199","Finance Services","6199","Finance, Insurance and Real Estate"
6200,1,"6200","Security & Commodity Brokers, Dealers, Exchanges & Services","6200","Finance, Insurance and Real Estate"
6211,1,"6211","Security Brokers, Dealers & Flotation Companies","6211","Finance, Insurance and Real Estate"
6221,1,"6221","Commodity Contracts Brokers & Dealers","6221","Finance, Insurance and Real Estate"
6282,1,"6282","Investment Advice","6282","Finance, Insurance and Real Estate"
6311,1,"6311","Life Insurance","6311","Finance, Insurance and Real Estate"
6321,1,"6321","Accident & Health Insurance","6321","Finance, Insurance and Real Estate"
6324,1,"6324","Hospital & Medical Service Plans","6324","Finance, Insurance and Real Estate"
6331,1,"6331","Fire, Marine & Casualty Insurance","6331","Finance, Insurance and Real Estate"
6351,1,"6351","Surety Insurance","6351","Finance, Insurance and Real Estate"
6361,1,"6361","Title Insurance","6361","Finance, Insurance and Real Estate"
6399,1,"6399","Insurance Carriers, NEC","6399","Finance, Insurance and Real Estate"
6411,1,"6411","Insurance Agents, Brokers & Service","6411","Finance, Insurance and Real Estate"
6500,1,"6500","Real Estate","6500","Finance, Insurance and Real Estate"
6510,1,"6510","Real Estate Operators (No Developers) & Lessors","6510","Finance, Insurance and Real Estate"
6512,1,"6512","Operators of Nonresidential Buildings","6512","Finance, Insurance and Real Estate"
6513,1,"6513","Operators of Apartment Buildings","6513","Finance, Insurance and Real Estate"
6519,1,"6519","Lessors of Real Property, NEC","6519","Finance, Insurance and Real Estate"
6531,1,"6531","Real Estate Agents & Managers (For Others)","6531","Finance, Insurance and Real Estate"
6532,1,"6532","Real Estate Dealers (For Their Own Account)","6532","Finance, Insurance and Real Estate"
6552,1,"6552","Land Subdividers & Developers (No Cemeteries)","6552","Finance, Insurance and Real Estate"
6770,1,"6770","Blank Checks","6770","Finance, Insurance and Real Estate"
6792,1,"6792","Oil Royalty Traders","6792","Finance, Insurance and Real Estate"
6794,1,"6794","Patent Owners & Lessors","6794","Finance, Insurance and Real Estate"
6795,1,"6795","Mineral Royalty Traders","6795","Finance, Insurance and Real Estate"
6798,1,"6798","Real Estate Investment Trusts","6798","Finance, Insurance and Real Estate"
6799,1,"6799","Investors, NEC","6799","Finance, Insurance and Real Estate"
7000,1,"7000","Hotels, Rooming Houses, Camps & Other Lodging Places","7000","Services"
7011,1,"7011","Hotels & Motels","7011","Services"
7200,1,"7200","Services-Personal Services","7200","Services"
7310,1,"7310","Services-Advertising","7310","Services"
7311,1,"7311","Services-Advertising Agencies","7311","Services"
7320,1,"7320","Services-Consumer Credit Reporting, Collection Agencies","7320","Services"
7330,1,"7330","Services-Mailing, Reproduction, Commercial Art & Photography","7330","Services"
7331,1,"7331","Services-Direct Mail Advertising Services","7331","Services"
7334,1,"7334","Services-Photocopying and Duplicating Services","7334","Services"
7340,1,"7340","Services-To Dwellings & Other Buildings","7340","Services"
7350,1,"7350","Services-Miscellaneous Equipment Rental & Leasing","7350","Services"
7359,1,"7359","Services-Equipment Rental & Leasing, NEC","7359","Services"
7361,1,"7361","Services-Employment Agencies","7361","Services"
7363,1,"7363","Services-Help Supply Services","7363","Services"
7370,1,"7370","Services-Computer Programming, Data Processing, Etc.","7370","Services"
7371,1,"7371","Services-Computer Programming Services","7371","Services"
7372,1,"7372","Services-Prepackaged Software","7372","Services"
7373,1,"7373","Services-Computer Integrated Systems Design","7373","Services"
7374,1,"7374","Services-Computer Processing & Data Preparation","7374","Services"
7377,1,"7377","Services-Computer Rental & Leasing","7377","Services"
7380,1,"7380","Services-Miscellaneous Business Services","7380","Services"
7381,1,"7381","Services-Detective, Guard & Armored Car Services","7381","Services"
7384,1,"7384","Services-Photofinishing Laboratories","7384","Services"
7385,1,"7385","Services-Telephone Interconnect Systems","7385","Services"
7389,1,"7389","Services-Business Services, NEC","7389","Services"
7500,1,"7500","Services-Automotive Repair, Services & Parking","7500","Services"
7510,1,"7510","Services-Auto Rental & Leasing (No Drivers)","7510","Services"
7600,1,"7600","Services-Miscellaneous Repair Services","7600","Services"
7812,1,"7812","Services-Motion Picture & Video Tape Production","7812","Services"
7819,1,"7819","Services-Allied To Motion Picture Production","7819","Services"
7822,1,"7822","Services-Motion Picture & Video Tape Distribution","7822","Services"
7829,1,"7829","Services-Allied To Motion Picture Distribution","7829","Services"
7830,1,"7830","Services-Motion Picture Theaters","7830","Services"
7841,1,"7841","Services-Video Tape Rental","7841","Services"
7900,1,"7900","Services-Amusement & Recreation Services","7900","Services"
7948,1,"7948","Services-Racing, Including Track Operation","7948","Services"
7990,1,"7990","Services-Miscellaneous Amusement & Recreation","7990","Services"
7994,1,"7994","Services-Video Game Arcades","7994","Services"
7995,1,"7995","Services-Gambling Transactions","7995","Services"
7996,1,"7996","Services-Amusement Parks","7996","Services"
7997,1,"7997","Services-Membership Sports & Recreation Clubs","7997","Services"
8000,1,"8000","Services-Health Services","8000","Services"
8011,1,"8011","Services-Offices & Clinics of Doctors of Medicine","8011","Services"
8050,1,"8050","Services-Nursing & Personal Care Facilities","8050","Services"
8051,1,"8051","Services-Skilled Nursing Care Facilities","8051","Services"
8060,1,"8060","Services-Hospitals","8060","Services"
8062,1,"8062","Services-General Medical & Surgical Hospitals, NEC","8062","Services"
8071,1,"8071","Services-Medical Laboratories","8071","Services"
8082,1,"8082","Services-Home Health Care Services","8082","Services"
8090,1,"8090","Services-Misc Health & Allied Services, NEC","8090","Services"
8093,1,"8093","Services-Specialty Outpatient Facilities, NEC","8093","Services"
8111,1,"8111","Services-Legal Services","8111","Services"
8200,1,"8200","Services-Educational Services","8200","Services"
8300,1,"8300","Services-Social Services","8300","Services"
8351,1,"8351","Services-Child Day Care Services","8351","Services"
8600,1,"8600","Services-Membership organizations","8600","Services"
8700,1,"8700","Services-Engineering, Accounting, Research, Management","8700","Services"
8711,1,"8711","Services-Engineering Services","8711","Services"
8731,1,"8731","Services-Commercial Physical & Biological Research","8731","Services"
8734,1,"8734","Services-Testing Laboratories","8734","Services"
8741,1,"8741","Services-Management Services","8741","Services"
8742,1,"8742","Services-Management Consulting Services","8742","Services"
8744,1,"8744","Services-Facilities Support Management Services","8744","Services"
8748,1,"8748","Business Consulting Services, Not Elsewhere Classified","8748","Services"
8880,1,"8880","American Depositary Receipts","8880","Services"
8888,1,"8888","Foreign Governments","8888","Services"
8900,1,"8900","Services-Services, NEC","8900","Services"
9721,1,"9721","International Affairs","9721","Public Administration"
9995,1,"9995","Non-Operating Establishments","9995","Nonclassifiable"
